Play time;Play date
0:0:15;17.05.2021 16:50:13
0:0:25;17.05.2021 17:00:27
0:0:3;17.05.2021 17:06:57
0:0:6;17.05.2021 17:23:16
0:0:6;17.05.2021 17:24:01
0:0:24;17.05.2021 17:26:07
0:0:5;17.05.2021 17:26:25
0:0:6;17.05.2021 17:26:35
0:0:52;17.05.2021 17:27:35
0:0:18;17.05.2021 17:28:12
0:0:11;17.05.2021 17:29:33
0:0:25;17.05.2021 17:30:18
0:0:34;17.05.2021 17:33:41
0:0:15;17.05.2021 17:58:09
0:0:14;17.05.2021 18:43:47
0:0:5;17.05.2021 18:52:46
0:0:14;17.05.2021 18:54:38
0:0:15;17.05.2021 18:59:28
0:0:10;17.05.2021 19:05:57
0:0:6;17.05.2021 19:06:51
0:0:52;17.05.2021 19:08:01
